timestamp	host	jobid	fs	metric	value	slurm_cpus_alloc	slurm_cpus_total	this_node_load15
20260417_161801	gizmoj26	51392165	fast	seq_write_MiBs	236.28	6081	7096	18.08
20260417_161801	gizmoj26	51392165	temp	seq_write_MiBs	204.1	6081	7096	18.08
20260417_161801	gizmoj26	51392165	working	seq_write_MiBs	293.69	6081	7096	18.08
20260417_161801	gizmoj26	51392165	shm	seq_write_MiBs	2451.68	6081	7096	18.08
20260417_161801	gizmoj26	51392165	localtmp	seq_write_MiBs	204.63	6081	7096	18.08
20260417_161801	gizmoj26	51392165	fast	seq_read_MiBs	355.76	6081	7096	18.08
20260417_161801	gizmoj26	51392165	temp	seq_read_MiBs	562.11	6081	7096	18.08
20260417_161801	gizmoj26	51392165	working	seq_read_MiBs	631.64	6081	7096	18.08
20260417_161801	gizmoj26	51392165	shm	seq_read_MiBs	5697.09	6081	7096	18.08
20260417_161801	gizmoj26	51392165	localtmp	seq_read_MiBs	217.12	6081	7096	18.08
20260417_161801	gizmoj26	51392165	fast	metadata_s	4.93	6081	7096	18.08
20260417_161801	gizmoj26	51392165	temp	metadata_s	11.48	6081	7096	18.08
20260417_161801	gizmoj26	51392165	working	metadata_s	3.44	6081	7096	18.08
20260417_161801	gizmoj26	51392165	shm	metadata_s	0.05	6081	7096	18.08
20260417_161801	gizmoj26	51392165	localtmp	metadata_s	0.08	6081	7096	18.08
20260417_161801	gizmoj26	51392165	fast	random_read_ops	3274.88	6081	7096	18.08
20260417_161801	gizmoj26	51392165	temp	random_read_ops	2014.21	6081	7096	18.08
20260417_161801	gizmoj26	51392165	working	random_read_ops	3241.75	6081	7096	18.08
20260417_161801	gizmoj26	51392165	shm	random_read_ops	355958.78	6081	7096	18.08
20260417_161801	gizmoj26	51392165	localtmp	random_read_ops	221.32	6081	7096	18.08
20260418_031509	gizmoj1	51392234	fast	seq_write_MiBs	203.08	4395	7096	18.78
20260418_031509	gizmoj1	51392234	temp	seq_write_MiBs	203.56	4395	7096	18.78
20260418_031509	gizmoj1	51392234	working	seq_write_MiBs	207.7	4395	7096	18.78
20260418_031509	gizmoj1	51392234	shm	seq_write_MiBs	2472.31	4395	7096	18.78
20260418_031509	gizmoj1	51392234	localtmp	seq_write_MiBs	177.15	4395	7096	18.78
20260418_031509	gizmoj1	51392234	fast	seq_read_MiBs	197.04	4395	7096	18.78
20260418_031509	gizmoj1	51392234	temp	seq_read_MiBs	547.24	4395	7096	18.78
20260418_031509	gizmoj1	51392234	working	seq_read_MiBs	335.11	4395	7096	18.78
20260418_031509	gizmoj1	51392234	shm	seq_read_MiBs	5885.33	4395	7096	18.78
20260418_031509	gizmoj1	51392234	localtmp	seq_read_MiBs	217.64	4395	7096	18.78
20260418_031509	gizmoj1	51392234	fast	metadata_s	5.2	4395	7096	18.78
20260418_031509	gizmoj1	51392234	temp	metadata_s	19.17	4395	7096	18.78
20260418_031509	gizmoj1	51392234	working	metadata_s	7.3	4395	7096	18.78
20260418_031509	gizmoj1	51392234	shm	metadata_s	0.05	4395	7096	18.78
20260418_031509	gizmoj1	51392234	localtmp	metadata_s	0.08	4395	7096	18.78
20260418_031509	gizmoj1	51392234	fast	random_read_ops	2643.52	4395	7096	18.78
20260418_031509	gizmoj1	51392234	temp	random_read_ops	1758.54	4395	7096	18.78
20260418_031509	gizmoj1	51392234	working	random_read_ops	1342.02	4395	7096	18.78
20260418_031509	gizmoj1	51392234	shm	random_read_ops	370393.61	4395	7096	18.78
20260418_031509	gizmoj1	51392234	localtmp	random_read_ops	239.97	4395	7096	18.78
20260418_093003	gizmok10	51392235	fast	seq_write_MiBs	233.63	3921	7096	6.94
20260418_093003	gizmok10	51392235	temp	seq_write_MiBs	208.46	3921	7096	6.94
20260418_093003	gizmok10	51392235	working	seq_write_MiBs	306.65	3921	7096	6.94
20260418_093003	gizmok10	51392235	shm	seq_write_MiBs	2570.65	3921	7096	6.94
20260418_093003	gizmok10	51392235	localtmp	seq_write_MiBs	2094.58	3921	7096	6.94
20260418_093003	gizmok10	51392235	fast	seq_read_MiBs	351.83	3921	7096	6.94
20260418_093003	gizmok10	51392235	temp	seq_read_MiBs	601.46	3921	7096	6.94
20260418_093003	gizmok10	51392235	working	seq_read_MiBs	450.35	3921	7096	6.94
20260418_093003	gizmok10	51392235	shm	seq_read_MiBs	5350.43	3921	7096	6.94
20260418_093003	gizmok10	51392235	localtmp	seq_read_MiBs	1823.54	3921	7096	6.94
20260418_093003	gizmok10	51392235	fast	metadata_s	4.74	3921	7096	6.94
20260418_093003	gizmok10	51392235	temp	metadata_s	7.93	3921	7096	6.94
20260418_093003	gizmok10	51392235	working	metadata_s	3.05	3921	7096	6.94
20260418_093003	gizmok10	51392235	shm	metadata_s	0.04	3921	7096	6.94
20260418_093003	gizmok10	51392235	localtmp	metadata_s	0.05	3921	7096	6.94
20260418_093003	gizmok10	51392235	fast	random_read_ops	2903.73	3921	7096	6.94
20260418_093003	gizmok10	51392235	temp	random_read_ops	2393.6	3921	7096	6.94
20260418_093003	gizmok10	51392235	working	random_read_ops	3166.19	3921	7096	6.94
20260418_093003	gizmok10	51392235	shm	random_read_ops	496104.97	3921	7096	6.94
20260418_093003	gizmok10	51392235	localtmp	random_read_ops	7844.84	3921	7096	6.94
20260418_143032	gizmoj1	51392236	fast	seq_write_MiBs	205.57	3408	7096	16.24
20260418_143032	gizmoj1	51392236	temp	seq_write_MiBs	208.53	3408	7096	16.24
20260418_143032	gizmoj1	51392236	working	seq_write_MiBs	281.7	3408	7096	16.24
20260418_143032	gizmoj1	51392236	shm	seq_write_MiBs	2165.1	3408	7096	16.24
20260418_143032	gizmoj1	51392236	localtmp	seq_write_MiBs	192.59	3408	7096	16.24
20260418_143032	gizmoj1	51392236	fast	seq_read_MiBs	279.5	3408	7096	16.24
20260418_143032	gizmoj1	51392236	temp	seq_read_MiBs	533.27	3408	7096	16.24
20260418_143032	gizmoj1	51392236	working	seq_read_MiBs	525.36	3408	7096	16.24
20260418_143032	gizmoj1	51392236	shm	seq_read_MiBs	4642.57	3408	7096	16.24
20260418_143032	gizmoj1	51392236	localtmp	seq_read_MiBs	217.26	3408	7096	16.24
20260418_143032	gizmoj1	51392236	fast	metadata_s	5.15	3408	7096	16.24
20260418_143032	gizmoj1	51392236	temp	metadata_s	19.26	3408	7096	16.24
20260418_143032	gizmoj1	51392236	working	metadata_s	4.04	3408	7096	16.24
20260418_143032	gizmoj1	51392236	shm	metadata_s	0.05	3408	7096	16.24
20260418_143032	gizmoj1	51392236	localtmp	metadata_s	0.08	3408	7096	16.24
20260418_143032	gizmoj1	51392236	fast	random_read_ops	2868.58	3408	7096	16.24
20260418_143032	gizmoj1	51392236	temp	random_read_ops	1854.31	3408	7096	16.24
20260418_143032	gizmoj1	51392236	working	random_read_ops	2354.34	3408	7096	16.24
20260418_143032	gizmoj1	51392236	shm	random_read_ops	338109.41	3408	7096	16.24
20260418_143032	gizmoj1	51392236	localtmp	random_read_ops	230.65	3408	7096	16.24
20260418_210006	gizmok124	51392237	fast	seq_write_MiBs	198.26	4535	7096	9.62
20260418_210006	gizmok124	51392237	temp	seq_write_MiBs	154.31	4535	7096	9.62
20260418_210006	gizmok124	51392237	working	seq_write_MiBs	323.01	4535	7096	9.62
20260418_210006	gizmok124	51392237	shm	seq_write_MiBs	2645.96	4535	7096	9.62
20260418_210006	gizmok124	51392237	localtmp	seq_write_MiBs	1767.89	4535	7096	9.62
20260418_210006	gizmok124	51392237	fast	seq_read_MiBs	290.38	4535	7096	9.62
20260418_210006	gizmok124	51392237	temp	seq_read_MiBs	578.41	4535	7096	9.62
20260418_210006	gizmok124	51392237	working	seq_read_MiBs	539.97	4535	7096	9.62
20260418_210006	gizmok124	51392237	shm	seq_read_MiBs	5888.55	4535	7096	9.62
20260418_210006	gizmok124	51392237	localtmp	seq_read_MiBs	1842.05	4535	7096	9.62
20260418_210006	gizmok124	51392237	fast	metadata_s	4.54	4535	7096	9.62
20260418_210006	gizmok124	51392237	temp	metadata_s	11.47	4535	7096	9.62
20260418_210006	gizmok124	51392237	working	metadata_s	2.87	4535	7096	9.62
20260418_210006	gizmok124	51392237	shm	metadata_s	0.05	4535	7096	9.62
20260418_210006	gizmok124	51392237	localtmp	metadata_s	0.06	4535	7096	9.62
20260418_210006	gizmok124	51392237	fast	random_read_ops	2969.71	4535	7096	9.62
20260418_210006	gizmok124	51392237	temp	random_read_ops	1832.85	4535	7096	9.62
20260418_210006	gizmok124	51392237	working	random_read_ops	3633.87	4535	7096	9.62
20260418_210006	gizmok124	51392237	shm	random_read_ops	437477.72	4535	7096	9.62
20260418_210006	gizmok124	51392237	localtmp	random_read_ops	7858.28	4535	7096	9.62
20260419_031501	gizmok124	51392238	fast	seq_write_MiBs	188.65	4611	7096	8.97
20260419_031501	gizmok124	51392238	temp	seq_write_MiBs	196.11	4611	7096	8.97
20260419_031501	gizmok124	51392238	working	seq_write_MiBs	271.54	4611	7096	8.97
20260419_031501	gizmok124	51392238	shm	seq_write_MiBs	2623.41	4611	7096	8.97
20260419_031501	gizmok124	51392238	localtmp	seq_write_MiBs	1787.1	4611	7096	8.97
20260419_031501	gizmok124	51392238	fast	seq_read_MiBs	334.66	4611	7096	8.97
20260419_031501	gizmok124	51392238	temp	seq_read_MiBs	548.24	4611	7096	8.97
20260419_031501	gizmok124	51392238	working	seq_read_MiBs	490.87	4611	7096	8.97
20260419_031501	gizmok124	51392238	shm	seq_read_MiBs	5875.8	4611	7096	8.97
20260419_031501	gizmok124	51392238	localtmp	seq_read_MiBs	1824.49	4611	7096	8.97
20260419_031501	gizmok124	51392238	fast	metadata_s	4.76	4611	7096	8.97
20260419_031501	gizmok124	51392238	temp	metadata_s	10.13	4611	7096	8.97
20260419_031501	gizmok124	51392238	working	metadata_s	4.04	4611	7096	8.97
20260419_031501	gizmok124	51392238	shm	metadata_s	0.05	4611	7096	8.97
20260419_031501	gizmok124	51392238	localtmp	metadata_s	0.06	4611	7096	8.97
20260419_031501	gizmok124	51392238	fast	random_read_ops	2942.43	4611	7096	8.97
20260419_031501	gizmok124	51392238	temp	random_read_ops	2108.58	4611	7096	8.97
20260419_031501	gizmok124	51392238	working	random_read_ops	2495.61	4611	7096	8.97
20260419_031501	gizmok124	51392238	shm	random_read_ops	450009.98	4611	7096	8.97
20260419_031501	gizmok124	51392238	localtmp	random_read_ops	7917.7	4611	7096	8.97
20260419_093000	gizmok100	51392239	fast	seq_write_MiBs	203.9	4508	7096	17.92
20260419_093000	gizmok100	51392239	temp	seq_write_MiBs	192.53	4508	7096	17.92
20260419_093000	gizmok100	51392239	working	seq_write_MiBs	307.28	4508	7096	17.92
20260419_093000	gizmok100	51392239	shm	seq_write_MiBs	2294.44	4508	7096	17.92
20260419_093000	gizmok100	51392239	localtmp	seq_write_MiBs	2049.35	4508	7096	17.92
20260419_093000	gizmok100	51392239	fast	seq_read_MiBs	287.08	4508	7096	17.92
20260419_093000	gizmok100	51392239	temp	seq_read_MiBs	578.9	4508	7096	17.92
20260419_093000	gizmok100	51392239	working	seq_read_MiBs	496.64	4508	7096	17.92
20260419_093000	gizmok100	51392239	shm	seq_read_MiBs	4819.84	4508	7096	17.92
20260419_093000	gizmok100	51392239	localtmp	seq_read_MiBs	1812.72	4508	7096	17.92
20260419_093000	gizmok100	51392239	fast	metadata_s	5.58	4508	7096	17.92
20260419_093000	gizmok100	51392239	temp	metadata_s	13.34	4508	7096	17.92
20260419_093000	gizmok100	51392239	working	metadata_s	3.3	4508	7096	17.92
20260419_093000	gizmok100	51392239	shm	metadata_s	0.04	4508	7096	17.92
20260419_093000	gizmok100	51392239	localtmp	metadata_s	0.19	4508	7096	17.92
20260419_093000	gizmok100	51392239	fast	random_read_ops	2315.14	4508	7096	17.92
20260419_093000	gizmok100	51392239	temp	random_read_ops	1614.75	4508	7096	17.92
20260419_093000	gizmok100	51392239	working	random_read_ops	3403.22	4508	7096	17.92
20260419_093000	gizmok100	51392239	shm	random_read_ops	498959.01	4508	7096	17.92
20260419_093000	gizmok100	51392239	localtmp	random_read_ops	7743.57	4508	7096	17.92
20260419_143011	gizmoj1	51392240	fast	seq_write_MiBs	227.36	3954	7096	36.54
20260419_143011	gizmoj1	51392240	temp	seq_write_MiBs	185.04	3954	7096	36.54
20260419_143011	gizmoj1	51392240	working	seq_write_MiBs	274.94	3954	7096	36.54
20260419_143011	gizmoj1	51392240	shm	seq_write_MiBs	2308.68	3954	7096	36.54
20260419_143011	gizmoj1	51392240	localtmp	seq_write_MiBs	190.86	3954	7096	36.54
20260419_143011	gizmoj1	51392240	fast	seq_read_MiBs	357.82	3954	7096	36.54
20260419_143011	gizmoj1	51392240	temp	seq_read_MiBs	531.81	3954	7096	36.54
20260419_143011	gizmoj1	51392240	working	seq_read_MiBs	507.31	3954	7096	36.54
20260419_143011	gizmoj1	51392240	shm	seq_read_MiBs	5363.88	3954	7096	36.54
20260419_143011	gizmoj1	51392240	localtmp	seq_read_MiBs	214.35	3954	7096	36.54
20260419_143011	gizmoj1	51392240	fast	metadata_s	5.41	3954	7096	36.54
20260419_143011	gizmoj1	51392240	temp	metadata_s	45.61	3954	7096	36.54
20260419_143011	gizmoj1	51392240	working	metadata_s	3.94	3954	7096	36.54
20260419_143011	gizmoj1	51392240	shm	metadata_s	0.05	3954	7096	36.54
20260419_143011	gizmoj1	51392240	localtmp	metadata_s	0.07	3954	7096	36.54
20260419_143011	gizmoj1	51392240	fast	random_read_ops	3242.56	3954	7096	36.54
20260419_143011	gizmoj1	51392240	temp	random_read_ops	1456.27	3954	7096	36.54
20260419_143011	gizmoj1	51392240	working	random_read_ops	3404.9	3954	7096	36.54
20260419_143011	gizmoj1	51392240	shm	random_read_ops	344019.23	3954	7096	36.54
20260419_143011	gizmoj1	51392240	localtmp	random_read_ops	217.94	3954	7096	36.54
20260419_210000	gizmoj1	51392241	fast	seq_write_MiBs	225.75	3810	7096	42.77
20260419_210000	gizmoj1	51392241	temp	seq_write_MiBs	168.49	3810	7096	42.77
20260419_210000	gizmoj1	51392241	working	seq_write_MiBs	312.06	3810	7096	42.77
20260419_210000	gizmoj1	51392241	shm	seq_write_MiBs	2456.82	3810	7096	42.77
20260419_210000	gizmoj1	51392241	localtmp	seq_write_MiBs	184.91	3810	7096	42.77
20260419_210000	gizmoj1	51392241	fast	seq_read_MiBs	365.76	3810	7096	42.77
20260419_210000	gizmoj1	51392241	temp	seq_read_MiBs	490.72	3810	7096	42.77
20260419_210000	gizmoj1	51392241	working	seq_read_MiBs	428.02	3810	7096	42.77
20260419_210000	gizmoj1	51392241	shm	seq_read_MiBs	5919.34	3810	7096	42.77
20260419_210000	gizmoj1	51392241	localtmp	seq_read_MiBs	213.76	3810	7096	42.77
20260419_210000	gizmoj1	51392241	fast	metadata_s	4.62	3810	7096	42.77
20260419_210000	gizmoj1	51392241	temp	metadata_s	59.65	3810	7096	42.77
20260419_210000	gizmoj1	51392241	working	metadata_s	3.21	3810	7096	42.77
20260419_210000	gizmoj1	51392241	shm	metadata_s	0.05	3810	7096	42.77
20260419_210000	gizmoj1	51392241	localtmp	metadata_s	0.08	3810	7096	42.77
20260419_210000	gizmoj1	51392241	fast	random_read_ops	2934.54	3810	7096	42.77
20260419_210000	gizmoj1	51392241	temp	random_read_ops	1472.04	3810	7096	42.77
20260419_210000	gizmoj1	51392241	working	random_read_ops	3316.91	3810	7096	42.77
20260419_210000	gizmoj1	51392241	shm	random_read_ops	365142.05	3810	7096	42.77
20260419_210000	gizmoj1	51392241	localtmp	random_read_ops	230.27	3810	7096	42.77
20260420_031541	gizmoj19	51392242	fast	seq_write_MiBs	240.58	3719	7096	16.15
20260420_031541	gizmoj19	51392242	temp	seq_write_MiBs	193.82	3719	7096	16.15
20260420_031541	gizmoj19	51392242	working	seq_write_MiBs	305.74	3719	7096	16.15
20260420_031541	gizmoj19	51392242	shm	seq_write_MiBs	2416.91	3719	7096	16.15
20260420_031541	gizmoj19	51392242	localtmp	seq_write_MiBs	126.65	3719	7096	16.15
20260420_031541	gizmoj19	51392242	fast	seq_read_MiBs	357.23	3719	7096	16.15
20260420_031541	gizmoj19	51392242	temp	seq_read_MiBs	581.78	3719	7096	16.15
20260420_031541	gizmoj19	51392242	working	seq_read_MiBs	540.09	3719	7096	16.15
20260420_031541	gizmoj19	51392242	shm	seq_read_MiBs	5739.26	3719	7096	16.15
20260420_031541	gizmoj19	51392242	localtmp	seq_read_MiBs	189.02	3719	7096	16.15
20260420_031541	gizmoj19	51392242	fast	metadata_s	5.33	3719	7096	16.15
20260420_031541	gizmoj19	51392242	temp	metadata_s	11.21	3719	7096	16.15
20260420_031541	gizmoj19	51392242	working	metadata_s	3.52	3719	7096	16.15
20260420_031541	gizmoj19	51392242	shm	metadata_s	0.06	3719	7096	16.15
20260420_031541	gizmoj19	51392242	localtmp	metadata_s	0.1	3719	7096	16.15
20260420_031541	gizmoj19	51392242	fast	random_read_ops	2790.37	3719	7096	16.15
20260420_031541	gizmoj19	51392242	temp	random_read_ops	2041.43	3719	7096	16.15
20260420_031541	gizmoj19	51392242	working	random_read_ops	3276.15	3719	7096	16.15
20260420_031541	gizmoj19	51392242	shm	random_read_ops	281432.28	3719	7096	16.15
20260420_031541	gizmoj19	51392242	localtmp	random_read_ops	173.29	3719	7096	16.15
20260420_093042	gizmoj16	51392243	fast	seq_write_MiBs	238.89	3603	7096	11.54
20260420_093042	gizmoj16	51392243	temp	seq_write_MiBs	222.01	3603	7096	11.54
20260420_093042	gizmoj16	51392243	working	seq_write_MiBs	286.42	3603	7096	11.54
20260420_093042	gizmoj16	51392243	shm	seq_write_MiBs	2405.4	3603	7096	11.54
20260420_093042	gizmoj16	51392243	localtmp	seq_write_MiBs	214.46	3603	7096	11.54
20260420_093042	gizmoj16	51392243	fast	seq_read_MiBs	350.07	3603	7096	11.54
20260420_093042	gizmoj16	51392243	temp	seq_read_MiBs	581.67	3603	7096	11.54
20260420_093042	gizmoj16	51392243	working	seq_read_MiBs	537.95	3603	7096	11.54
20260420_093042	gizmoj16	51392243	shm	seq_read_MiBs	5502.09	3603	7096	11.54
20260420_093042	gizmoj16	51392243	localtmp	seq_read_MiBs	227.38	3603	7096	11.54
20260420_093042	gizmoj16	51392243	fast	metadata_s	4.31	3603	7096	11.54
20260420_093042	gizmoj16	51392243	temp	metadata_s	8.01	3603	7096	11.54
20260420_093042	gizmoj16	51392243	working	metadata_s	3.5	3603	7096	11.54
20260420_093042	gizmoj16	51392243	shm	metadata_s	0.05	3603	7096	11.54
20260420_093042	gizmoj16	51392243	localtmp	metadata_s	0.08	3603	7096	11.54
20260420_093042	gizmoj16	51392243	fast	random_read_ops	3129.78	3603	7096	11.54
20260420_093042	gizmoj16	51392243	temp	random_read_ops	2440.68	3603	7096	11.54
20260420_093042	gizmoj16	51392243	working	random_read_ops	2947.65	3603	7096	11.54
20260420_093042	gizmoj16	51392243	shm	random_read_ops	343166.7	3603	7096	11.54
20260420_093042	gizmoj16	51392243	localtmp	random_read_ops	234.27	3603	7096	11.54
20260420_143108	gizmok8	51392244	fast	seq_write_MiBs	233.01	6063	7096	5.08
20260420_143108	gizmok8	51392244	temp	seq_write_MiBs	196.95	6063	7096	5.08
20260420_143108	gizmok8	51392244	working	seq_write_MiBs	89.04	6063	7096	5.08
20260420_143108	gizmok8	51392244	shm	seq_write_MiBs	1023.97	6063	7096	5.08
20260420_143108	gizmok8	51392244	localtmp	seq_write_MiBs	2236.74	6063	7096	5.08
20260420_143108	gizmok8	51392244	fast	seq_read_MiBs	338.23	6063	7096	5.08
20260420_143108	gizmok8	51392244	temp	seq_read_MiBs	459.55	6063	7096	5.08
20260420_143108	gizmok8	51392244	working	seq_read_MiBs	165.49	6063	7096	5.08
20260420_143108	gizmok8	51392244	shm	seq_read_MiBs	4789.3	6063	7096	5.08
20260420_143108	gizmok8	51392244	localtmp	seq_read_MiBs	1806.13	6063	7096	5.08
20260420_143108	gizmok8	51392244	fast	metadata_s	4.66	6063	7096	5.08
20260420_143108	gizmok8	51392244	temp	metadata_s	10.95	6063	7096	5.08
20260420_143108	gizmok8	51392244	working	metadata_s	30.86	6063	7096	5.08
20260420_143108	gizmok8	51392244	shm	metadata_s	0.08	6063	7096	5.08
20260420_143108	gizmok8	51392244	localtmp	metadata_s	0.09	6063	7096	5.08
20260420_143108	gizmok8	51392244	fast	random_read_ops	2924.93	6063	7096	5.08
20260420_143108	gizmok8	51392244	temp	random_read_ops	2003.75	6063	7096	5.08
20260420_143108	gizmok8	51392244	working	random_read_ops	276.25	6063	7096	5.08
20260420_143108	gizmok8	51392244	shm	random_read_ops	448758.15	6063	7096	5.08
20260420_143108	gizmok8	51392244	localtmp	random_read_ops	7438.77	6063	7096	5.08
20260420_210008	gizmoj15	51392245	fast	seq_write_MiBs	196.17	6181	7096	15.16
20260420_210008	gizmoj15	51392245	temp	seq_write_MiBs	228.27	6181	7096	15.16
20260420_210008	gizmoj15	51392245	working	seq_write_MiBs	172.05	6181	7096	15.16
20260420_210008	gizmoj15	51392245	shm	seq_write_MiBs	2227.24	6181	7096	15.16
20260420_210008	gizmoj15	51392245	localtmp	seq_write_MiBs	203.18	6181	7096	15.16
20260420_210008	gizmoj15	51392245	fast	seq_read_MiBs	648.09	6181	7096	15.16
20260420_210008	gizmoj15	51392245	temp	seq_read_MiBs	610.71	6181	7096	15.16
20260420_210008	gizmoj15	51392245	working	seq_read_MiBs	421.18	6181	7096	15.16
20260420_210008	gizmoj15	51392245	shm	seq_read_MiBs	4907.17	6181	7096	15.16
20260420_210008	gizmoj15	51392245	localtmp	seq_read_MiBs	217.65	6181	7096	15.16
20260420_210008	gizmoj15	51392245	fast	metadata_s	4.17	6181	7096	15.16
20260420_210008	gizmoj15	51392245	temp	metadata_s	7.85	6181	7096	15.16
20260420_210008	gizmoj15	51392245	working	metadata_s	8.39	6181	7096	15.16
20260420_210008	gizmoj15	51392245	shm	metadata_s	0.05	6181	7096	15.16
20260420_210008	gizmoj15	51392245	localtmp	metadata_s	0.08	6181	7096	15.16
20260420_210008	gizmoj15	51392245	fast	random_read_ops	3273.45	6181	7096	15.16
20260420_210008	gizmoj15	51392245	temp	random_read_ops	2455.47	6181	7096	15.16
20260420_210008	gizmoj15	51392245	working	random_read_ops	1698.3	6181	7096	15.16
20260420_210008	gizmoj15	51392245	shm	random_read_ops	331817.59	6181	7096	15.16
20260420_210008	gizmoj15	51392245	localtmp	random_read_ops	235.71	6181	7096	15.16
20260421_031552	gizmoj22	51392246	fast	seq_write_MiBs	200.76	5029	7096	8.23
20260421_031552	gizmoj22	51392246	temp	seq_write_MiBs	208.89	5029	7096	8.23
20260421_031552	gizmoj22	51392246	working	seq_write_MiBs	288.13	5029	7096	8.23
20260421_031552	gizmoj22	51392246	shm	seq_write_MiBs	2279.84	5029	7096	8.23
20260421_031552	gizmoj22	51392246	localtmp	seq_write_MiBs	211.79	5029	7096	8.23
20260421_031552	gizmoj22	51392246	fast	seq_read_MiBs	357.28	5029	7096	8.23
20260421_031552	gizmoj22	51392246	temp	seq_read_MiBs	575.37	5029	7096	8.23
20260421_031552	gizmoj22	51392246	working	seq_read_MiBs	370.8	5029	7096	8.23
20260421_031552	gizmoj22	51392246	shm	seq_read_MiBs	5257.64	5029	7096	8.23
20260421_031552	gizmoj22	51392246	localtmp	seq_read_MiBs	227.8	5029	7096	8.23
20260421_031552	gizmoj22	51392246	fast	metadata_s	4.76	5029	7096	8.23
20260421_031552	gizmoj22	51392246	temp	metadata_s	6.34	5029	7096	8.23
20260421_031552	gizmoj22	51392246	working	metadata_s	4.07	5029	7096	8.23
20260421_031552	gizmoj22	51392246	shm	metadata_s	0.02	5029	7096	8.23
20260421_031552	gizmoj22	51392246	localtmp	metadata_s	0.05	5029	7096	8.23
20260421_031552	gizmoj22	51392246	fast	random_read_ops	2702.81	5029	7096	8.23
20260421_031552	gizmoj22	51392246	temp	random_read_ops	2135.19	5029	7096	8.23
20260421_031552	gizmoj22	51392246	working	random_read_ops	3316.2	5029	7096	8.23
20260421_031552	gizmoj22	51392246	shm	random_read_ops	355141.0	5029	7096	8.23
20260421_031552	gizmoj22	51392246	localtmp	random_read_ops	239.3	5029	7096	8.23
20260421_093055	gizmok61	51392247	fast	seq_write_MiBs	244.69	6357	7096	47.83
20260421_093055	gizmok61	51392247	temp	seq_write_MiBs	212.64	6357	7096	47.83
20260421_093055	gizmok61	51392247	working	seq_write_MiBs	286.03	6357	7096	47.83
20260421_093055	gizmok61	51392247	shm	seq_write_MiBs	2673.82	6357	7096	47.83
20260421_093055	gizmok61	51392247	localtmp	seq_write_MiBs	2328.57	6357	7096	47.83
20260421_093055	gizmok61	51392247	fast	seq_read_MiBs	230.91	6357	7096	47.83
20260421_093055	gizmok61	51392247	temp	seq_read_MiBs	601.4	6357	7096	47.83
20260421_093055	gizmok61	51392247	working	seq_read_MiBs	119.54	6357	7096	47.83
20260421_093055	gizmok61	51392247	shm	seq_read_MiBs	5897.65	6357	7096	47.83
20260421_093055	gizmok61	51392247	localtmp	seq_read_MiBs	1841.89	6357	7096	47.83
20260421_093055	gizmok61	51392247	fast	metadata_s	4.08	6357	7096	47.83
20260421_093055	gizmok61	51392247	temp	metadata_s	11.52	6357	7096	47.83
20260421_093055	gizmok61	51392247	working	metadata_s	4.04	6357	7096	47.83
20260421_093055	gizmok61	51392247	shm	metadata_s	0.04	6357	7096	47.83
20260421_093055	gizmok61	51392247	localtmp	metadata_s	0.05	6357	7096	47.83
20260421_093055	gizmok61	51392247	fast	random_read_ops	3550.45	6357	7096	47.83
20260421_093055	gizmok61	51392247	temp	random_read_ops	2112.14	6357	7096	47.83
20260421_093055	gizmok61	51392247	working	random_read_ops	3015.4	6357	7096	47.83
20260421_093055	gizmok61	51392247	shm	random_read_ops	595061.0	6357	7096	47.83
20260421_093055	gizmok61	51392247	localtmp	random_read_ops	8085.92	6357	7096	47.83
20260421_143008	gizmoj35	51392248	fast	seq_write_MiBs	175.88	6286	7096	16.68
20260421_143008	gizmoj35	51392248	temp	seq_write_MiBs	205.26	6286	7096	16.68
20260421_143008	gizmoj35	51392248	working	seq_write_MiBs	314.31	6286	7096	16.68
20260421_143008	gizmoj35	51392248	shm	seq_write_MiBs	2358.25	6286	7096	16.68
20260421_143008	gizmoj35	51392248	localtmp	seq_write_MiBs	209.08	6286	7096	16.68
20260421_143008	gizmoj35	51392248	fast	seq_read_MiBs	174.93	6286	7096	16.68
20260421_143008	gizmoj35	51392248	temp	seq_read_MiBs	582.34	6286	7096	16.68
20260421_143008	gizmoj35	51392248	working	seq_read_MiBs	119.33	6286	7096	16.68
20260421_143008	gizmoj35	51392248	shm	seq_read_MiBs	5522.6	6286	7096	16.68
20260421_143008	gizmoj35	51392248	localtmp	seq_read_MiBs	224.05	6286	7096	16.68
20260421_143008	gizmoj35	51392248	fast	metadata_s	4.42	6286	7096	16.68
20260421_143008	gizmoj35	51392248	temp	metadata_s	9.97	6286	7096	16.68
20260421_143008	gizmoj35	51392248	working	metadata_s	3.13	6286	7096	16.68
20260421_143008	gizmoj35	51392248	shm	metadata_s	0.05	6286	7096	16.68
20260421_143008	gizmoj35	51392248	localtmp	metadata_s	0.08	6286	7096	16.68
20260421_143008	gizmoj35	51392248	fast	random_read_ops	2518.67	6286	7096	16.68
20260421_143008	gizmoj35	51392248	temp	random_read_ops	2123.41	6286	7096	16.68
20260421_143008	gizmoj35	51392248	working	random_read_ops	3606.98	6286	7096	16.68
20260421_143008	gizmoj35	51392248	shm	random_read_ops	340399.26	6286	7096	16.68
20260421_143008	gizmoj35	51392248	localtmp	random_read_ops	237.57	6286	7096	16.68
20260421_210006	gizmoj22	51392249	fast	seq_write_MiBs	168.1	5905	7096	13.35
20260421_210006	gizmoj22	51392249	temp	seq_write_MiBs	168.07	5905	7096	13.35
20260421_210006	gizmoj22	51392249	working	seq_write_MiBs	326.2	5905	7096	13.35
20260421_210006	gizmoj22	51392249	shm	seq_write_MiBs	2398.84	5905	7096	13.35
20260421_210006	gizmoj22	51392249	localtmp	seq_write_MiBs	214.5	5905	7096	13.35
20260421_210006	gizmoj22	51392249	fast	seq_read_MiBs	284.86	5905	7096	13.35
20260421_210006	gizmoj22	51392249	temp	seq_read_MiBs	531.47	5905	7096	13.35
20260421_210006	gizmoj22	51392249	working	seq_read_MiBs	383.62	5905	7096	13.35
20260421_210006	gizmoj22	51392249	shm	seq_read_MiBs	5591.27	5905	7096	13.35
20260421_210006	gizmoj22	51392249	localtmp	seq_read_MiBs	230.91	5905	7096	13.35
20260421_210006	gizmoj22	51392249	fast	metadata_s	4.99	5905	7096	13.35
20260421_210006	gizmoj22	51392249	temp	metadata_s	7.43	5905	7096	13.35
20260421_210006	gizmoj22	51392249	working	metadata_s	2.83	5905	7096	13.35
20260421_210006	gizmoj22	51392249	shm	metadata_s	0.02	5905	7096	13.35
20260421_210006	gizmoj22	51392249	localtmp	metadata_s	0.04	5905	7096	13.35
20260421_210006	gizmoj22	51392249	fast	random_read_ops	2624.92	5905	7096	13.35
20260421_210006	gizmoj22	51392249	temp	random_read_ops	1914.24	5905	7096	13.35
20260421_210006	gizmoj22	51392249	working	random_read_ops	3563.28	5905	7096	13.35
20260421_210006	gizmoj22	51392249	shm	random_read_ops	360253.19	5905	7096	13.35
20260421_210006	gizmoj22	51392249	localtmp	random_read_ops	232.82	5905	7096	13.35
20260422_031506	gizmok140	51392250	fast	seq_write_MiBs	217.75	4338	7096	26.37
20260422_031506	gizmok140	51392250	temp	seq_write_MiBs	214.32	4338	7096	26.37
20260422_031506	gizmok140	51392250	working	seq_write_MiBs	253.46	4338	7096	26.37
20260422_031506	gizmok140	51392250	shm	seq_write_MiBs	2107.54	4338	7096	26.37
20260422_031506	gizmok140	51392250	localtmp	seq_write_MiBs	2199.33	4338	7096	26.37
20260422_031506	gizmok140	51392250	fast	seq_read_MiBs	309.0	4338	7096	26.37
20260422_031506	gizmok140	51392250	temp	seq_read_MiBs	558.07	4338	7096	26.37
20260422_031506	gizmok140	51392250	working	seq_read_MiBs	437.72	4338	7096	26.37
20260422_031506	gizmok140	51392250	shm	seq_read_MiBs	4162.5	4338	7096	26.37
20260422_031506	gizmok140	51392250	localtmp	seq_read_MiBs	1816.69	4338	7096	26.37
20260422_031506	gizmok140	51392250	fast	metadata_s	4.57	4338	7096	26.37
20260422_031506	gizmok140	51392250	temp	metadata_s	8.12	4338	7096	26.37
20260422_031506	gizmok140	51392250	working	metadata_s	4.38	4338	7096	26.37
20260422_031506	gizmok140	51392250	shm	metadata_s	0.04	4338	7096	26.37
20260422_031506	gizmok140	51392250	localtmp	metadata_s	0.06	4338	7096	26.37
20260422_031506	gizmok140	51392250	fast	random_read_ops	2930.68	4338	7096	26.37
20260422_031506	gizmok140	51392250	temp	random_read_ops	2320.77	4338	7096	26.37
20260422_031506	gizmok140	51392250	working	random_read_ops	2671.88	4338	7096	26.37
20260422_031506	gizmok140	51392250	shm	random_read_ops	472877.78	4338	7096	26.37
20260422_031506	gizmok140	51392250	localtmp	random_read_ops	7822.04	4338	7096	26.37
20260422_093010	gizmok116	51392251	fast	seq_write_MiBs	232.08	4287	7096	26.79
20260422_093010	gizmok116	51392251	temp	seq_write_MiBs	200.36	4287	7096	26.79
20260422_093010	gizmok116	51392251	working	seq_write_MiBs	249.78	4287	7096	26.79
20260422_093010	gizmok116	51392251	shm	seq_write_MiBs	1992.6	4287	7096	26.79
20260422_093010	gizmok116	51392251	localtmp	seq_write_MiBs	2157.52	4287	7096	26.79
20260422_093010	gizmok116	51392251	fast	seq_read_MiBs	362.57	4287	7096	26.79
20260422_093010	gizmok116	51392251	temp	seq_read_MiBs	579.84	4287	7096	26.79
20260422_093010	gizmok116	51392251	working	seq_read_MiBs	426.75	4287	7096	26.79
20260422_093010	gizmok116	51392251	shm	seq_read_MiBs	4000.01	4287	7096	26.79
20260422_093010	gizmok116	51392251	localtmp	seq_read_MiBs	1826.09	4287	7096	26.79
20260422_093010	gizmok116	51392251	fast	metadata_s	4.9	4287	7096	26.79
20260422_093010	gizmok116	51392251	temp	metadata_s	8.49	4287	7096	26.79
20260422_093010	gizmok116	51392251	working	metadata_s	5.1	4287	7096	26.79
20260422_093010	gizmok116	51392251	shm	metadata_s	0.19	4287	7096	26.79
20260422_093010	gizmok116	51392251	localtmp	metadata_s	0.21	4287	7096	26.79
20260422_093010	gizmok116	51392251	fast	random_read_ops	2702.11	4287	7096	26.79
20260422_093010	gizmok116	51392251	temp	random_read_ops	2386.85	4287	7096	26.79
20260422_093010	gizmok116	51392251	working	random_read_ops	2959.35	4287	7096	26.79
20260422_093010	gizmok116	51392251	shm	random_read_ops	463231.07	4287	7096	26.79
20260422_093010	gizmok116	51392251	localtmp	random_read_ops	7698.62	4287	7096	26.79
20260422_143001	gizmok29	51392252	fast	seq_write_MiBs	227.13	4824	7096	25.49
20260422_143001	gizmok29	51392252	temp	seq_write_MiBs	193.56	4824	7096	25.49
20260422_143001	gizmok29	51392252	working	seq_write_MiBs	261.11	4824	7096	25.49
20260422_143001	gizmok29	51392252	shm	seq_write_MiBs	2487.06	4824	7096	25.49
20260422_143001	gizmok29	51392252	localtmp	seq_write_MiBs	2139.4	4824	7096	25.49
20260422_143001	gizmok29	51392252	fast	seq_read_MiBs	277.42	4824	7096	25.49
20260422_143001	gizmok29	51392252	temp	seq_read_MiBs	548.09	4824	7096	25.49
20260422_143001	gizmok29	51392252	working	seq_read_MiBs	308.78	4824	7096	25.49
20260422_143001	gizmok29	51392252	shm	seq_read_MiBs	5488.33	4824	7096	25.49
20260422_143001	gizmok29	51392252	localtmp	seq_read_MiBs	1795.91	4824	7096	25.49
20260422_143001	gizmok29	51392252	fast	metadata_s	4.42	4824	7096	25.49
20260422_143001	gizmok29	51392252	temp	metadata_s	10.72	4824	7096	25.49
20260422_143001	gizmok29	51392252	working	metadata_s	3.99	4824	7096	25.49
20260422_143001	gizmok29	51392252	shm	metadata_s	0.93	4824	7096	25.49
20260422_143001	gizmok29	51392252	localtmp	metadata_s	0.91	4824	7096	25.49
20260422_143001	gizmok29	51392252	fast	random_read_ops	3010.16	4824	7096	25.49
20260422_143001	gizmok29	51392252	temp	random_read_ops	1990.65	4824	7096	25.49
20260422_143001	gizmok29	51392252	working	random_read_ops	2878.01	4824	7096	25.49
20260422_143001	gizmok29	51392252	shm	random_read_ops	507096.25	4824	7096	25.49
20260422_143001	gizmok29	51392252	localtmp	random_read_ops	7690.78	4824	7096	25.49
20260422_210009	gizmok138	51392253	fast	seq_write_MiBs	216.45	5580	7096	62.29
20260422_210009	gizmok138	51392253	temp	seq_write_MiBs	149.04	5580	7096	62.29
20260422_210009	gizmok138	51392253	working	seq_write_MiBs	255.77	5580	7096	62.29
20260422_210009	gizmok138	51392253	shm	seq_write_MiBs	2509.17	5580	7096	62.29
20260422_210009	gizmok138	51392253	localtmp	seq_write_MiBs	2034.58	5580	7096	62.29
20260422_210009	gizmok138	51392253	fast	seq_read_MiBs	270.22	5580	7096	62.29
20260422_210009	gizmok138	51392253	temp	seq_read_MiBs	489.92	5580	7096	62.29
20260422_210009	gizmok138	51392253	working	seq_read_MiBs	407.85	5580	7096	62.29
20260422_210009	gizmok138	51392253	shm	seq_read_MiBs	5335.56	5580	7096	62.29
20260422_210009	gizmok138	51392253	localtmp	seq_read_MiBs	1826.88	5580	7096	62.29
20260422_210009	gizmok138	51392253	fast	metadata_s	4.9	5580	7096	62.29
20260422_210009	gizmok138	51392253	temp	metadata_s	13.59	5580	7096	62.29
20260422_210009	gizmok138	51392253	working	metadata_s	4.41	5580	7096	62.29
20260422_210009	gizmok138	51392253	shm	metadata_s	0.18	5580	7096	62.29
20260422_210009	gizmok138	51392253	localtmp	metadata_s	0.2	5580	7096	62.29
20260422_210009	gizmok138	51392253	fast	random_read_ops	2852.24	5580	7096	62.29
20260422_210009	gizmok138	51392253	temp	random_read_ops	1796.65	5580	7096	62.29
20260422_210009	gizmok138	51392253	working	random_read_ops	2230.96	5580	7096	62.29
20260422_210009	gizmok138	51392253	shm	random_read_ops	489574.13	5580	7096	62.29
20260422_210009	gizmok138	51392253	localtmp	random_read_ops	7684.4	5580	7096	62.29
20260423_031518	gizmok64	51392254	fast	seq_write_MiBs	222.78	5515	7096	26.53
20260423_031518	gizmok64	51392254	temp	seq_write_MiBs	208.04	5515	7096	26.53
20260423_031518	gizmok64	51392254	working	seq_write_MiBs	247.84	5515	7096	26.53
20260423_031518	gizmok64	51392254	shm	seq_write_MiBs	2435.59	5515	7096	26.53
20260423_031518	gizmok64	51392254	localtmp	seq_write_MiBs	1949.43	5515	7096	26.53
20260423_031518	gizmok64	51392254	fast	seq_read_MiBs	331.33	5515	7096	26.53
20260423_031518	gizmok64	51392254	temp	seq_read_MiBs	571.64	5515	7096	26.53
20260423_031518	gizmok64	51392254	working	seq_read_MiBs	376.29	5515	7096	26.53
20260423_031518	gizmok64	51392254	shm	seq_read_MiBs	4920.26	5515	7096	26.53
20260423_031518	gizmok64	51392254	localtmp	seq_read_MiBs	1770.22	5515	7096	26.53
20260423_031518	gizmok64	51392254	fast	metadata_s	4.47	5515	7096	26.53
20260423_031518	gizmok64	51392254	temp	metadata_s	8.59	5515	7096	26.53
20260423_031518	gizmok64	51392254	working	metadata_s	4.49	5515	7096	26.53
20260423_031518	gizmok64	51392254	shm	metadata_s	0.05	5515	7096	26.53
20260423_031518	gizmok64	51392254	localtmp	metadata_s	0.06	5515	7096	26.53
20260423_031518	gizmok64	51392254	fast	random_read_ops	3016.72	5515	7096	26.53
20260423_031518	gizmok64	51392254	temp	random_read_ops	2256.73	5515	7096	26.53
20260423_031518	gizmok64	51392254	working	random_read_ops	2128.58	5515	7096	26.53
20260423_031518	gizmok64	51392254	shm	random_read_ops	459678.88	5515	7096	26.53
20260423_031518	gizmok64	51392254	localtmp	random_read_ops	7776.18	5515	7096	26.53
20260423_093143	gizmok18	51392255	fast	seq_write_MiBs	219.03	5941	7096	4.06
20260423_093143	gizmok18	51392255	temp	seq_write_MiBs	205.5	5941	7096	4.06
20260423_093143	gizmok18	51392255	working	seq_write_MiBs	163.67	5941	7096	4.06
20260423_093143	gizmok18	51392255	shm	seq_write_MiBs	2472.79	5941	7096	4.06
20260423_093143	gizmok18	51392255	localtmp	seq_write_MiBs	2307.95	5941	7096	4.06
20260423_093143	gizmok18	51392255	fast	seq_read_MiBs	313.71	5941	7096	4.06
20260423_093143	gizmok18	51392255	temp	seq_read_MiBs	538.0	5941	7096	4.06
20260423_093143	gizmok18	51392255	working	seq_read_MiBs	260.23	5941	7096	4.06
20260423_093143	gizmok18	51392255	shm	seq_read_MiBs	5255.96	5941	7096	4.06
20260423_093143	gizmok18	51392255	localtmp	seq_read_MiBs	1813.45	5941	7096	4.06
20260423_093143	gizmok18	51392255	fast	metadata_s	4.39	5941	7096	4.06
20260423_093143	gizmok18	51392255	temp	metadata_s	10.81	5941	7096	4.06
20260423_093143	gizmok18	51392255	working	metadata_s	9.73	5941	7096	4.06
20260423_093143	gizmok18	51392255	shm	metadata_s	0.04	5941	7096	4.06
20260423_093143	gizmok18	51392255	localtmp	metadata_s	0.05	5941	7096	4.06
20260423_093143	gizmok18	51392255	fast	random_read_ops	2945.08	5941	7096	4.06
20260423_093143	gizmok18	51392255	temp	random_read_ops	2187.02	5941	7096	4.06
20260423_093143	gizmok18	51392255	working	random_read_ops	847.98	5941	7096	4.06
20260423_093143	gizmok18	51392255	shm	random_read_ops	520238.88	5941	7096	4.06
20260423_093143	gizmok18	51392255	localtmp	random_read_ops	8011.79	5941	7096	4.06
20260423_143006	gizmoj7	51392256	fast	seq_write_MiBs	260.38	4363	7096	4.67
20260423_143006	gizmoj7	51392256	temp	seq_write_MiBs	197.62	4363	7096	4.67
20260423_143006	gizmoj7	51392256	working	seq_write_MiBs	140.01	4363	7096	4.67
20260423_143006	gizmoj7	51392256	shm	seq_write_MiBs	2255.87	4363	7096	4.67
20260423_143006	gizmoj7	51392256	localtmp	seq_write_MiBs	209.3	4363	7096	4.67
20260423_143006	gizmoj7	51392256	fast	seq_read_MiBs	413.44	4363	7096	4.67
20260423_143006	gizmoj7	51392256	temp	seq_read_MiBs	519.53	4363	7096	4.67
20260423_143006	gizmoj7	51392256	working	seq_read_MiBs	337.32	4363	7096	4.67
20260423_143006	gizmoj7	51392256	shm	seq_read_MiBs	5124.36	4363	7096	4.67
20260423_143006	gizmoj7	51392256	localtmp	seq_read_MiBs	226.49	4363	7096	4.67
20260423_143006	gizmoj7	51392256	fast	metadata_s	3.74	4363	7096	4.67
20260423_143006	gizmoj7	51392256	temp	metadata_s	10.58	4363	7096	4.67
20260423_143006	gizmoj7	51392256	working	metadata_s	12.81	4363	7096	4.67
20260423_143006	gizmoj7	51392256	shm	metadata_s	0.05	4363	7096	4.67
20260423_143006	gizmoj7	51392256	localtmp	metadata_s	0.08	4363	7096	4.67
20260423_143006	gizmoj7	51392256	fast	random_read_ops	3420.43	4363	7096	4.67
20260423_143006	gizmoj7	51392256	temp	random_read_ops	1727.15	4363	7096	4.67
20260423_143006	gizmoj7	51392256	working	random_read_ops	483.73	4363	7096	4.67
20260423_143006	gizmoj7	51392256	shm	random_read_ops	342313.13	4363	7096	4.67
20260423_143006	gizmoj7	51392256	localtmp	random_read_ops	238.98	4363	7096	4.67
20260423_210015	gizmoj28	51392257	fast	seq_write_MiBs	223.05	4469	7096	13.81
20260423_210015	gizmoj28	51392257	temp	seq_write_MiBs	172.25	4469	7096	13.81
20260423_210015	gizmoj28	51392257	working	seq_write_MiBs	310.64	4469	7096	13.81
20260423_210015	gizmoj28	51392257	shm	seq_write_MiBs	2312.56	4469	7096	13.81
20260423_210015	gizmoj28	51392257	localtmp	seq_write_MiBs	206.08	4469	7096	13.81
20260423_210015	gizmoj28	51392257	fast	seq_read_MiBs	161.93	4469	7096	13.81
20260423_210015	gizmoj28	51392257	temp	seq_read_MiBs	432.29	4469	7096	13.81
20260423_210015	gizmoj28	51392257	working	seq_read_MiBs	164.0	4469	7096	13.81
20260423_210015	gizmoj28	51392257	shm	seq_read_MiBs	5222.11	4469	7096	13.81
20260423_210015	gizmoj28	51392257	localtmp	seq_read_MiBs	233.55	4469	7096	13.81
20260423_210015	gizmoj28	51392257	fast	metadata_s	4.55	4469	7096	13.81
20260423_210015	gizmoj28	51392257	temp	metadata_s	17.06	4469	7096	13.81
20260423_210015	gizmoj28	51392257	working	metadata_s	2.98	4469	7096	13.81
20260423_210015	gizmoj28	51392257	shm	metadata_s	0.05	4469	7096	13.81
20260423_210015	gizmoj28	51392257	localtmp	metadata_s	0.09	4469	7096	13.81
20260423_210015	gizmoj28	51392257	fast	random_read_ops	2695.61	4469	7096	13.81
20260423_210015	gizmoj28	51392257	temp	random_read_ops	1754.93	4469	7096	13.81
20260423_210015	gizmoj28	51392257	working	random_read_ops	3527.24	4469	7096	13.81
20260423_210015	gizmoj28	51392257	shm	random_read_ops	334923.04	4469	7096	13.81
20260423_210015	gizmoj28	51392257	localtmp	random_read_ops	243.9	4469	7096	13.81
20260424_031525	gizmok112	51392258	fast	seq_write_MiBs	204.08	3342	7096	11.27
20260424_031525	gizmok112	51392258	temp	seq_write_MiBs	211.43	3342	7096	11.27
20260424_031525	gizmok112	51392258	working	seq_write_MiBs	301.84	3342	7096	11.27
20260424_031525	gizmok112	51392258	shm	seq_write_MiBs	2614.71	3342	7096	11.27
20260424_031525	gizmok112	51392258	localtmp	seq_write_MiBs	2212.58	3342	7096	11.27
20260424_031525	gizmok112	51392258	fast	seq_read_MiBs	354.35	3342	7096	11.27
20260424_031525	gizmok112	51392258	temp	seq_read_MiBs	585.16	3342	7096	11.27
20260424_031525	gizmok112	51392258	working	seq_read_MiBs	482.24	3342	7096	11.27
20260424_031525	gizmok112	51392258	shm	seq_read_MiBs	5701.43	3342	7096	11.27
20260424_031525	gizmok112	51392258	localtmp	seq_read_MiBs	1825.17	3342	7096	11.27
20260424_031525	gizmok112	51392258	fast	metadata_s	4.95	3342	7096	11.27
20260424_031525	gizmok112	51392258	temp	metadata_s	7.47	3342	7096	11.27
20260424_031525	gizmok112	51392258	working	metadata_s	3.42	3342	7096	11.27
20260424_031525	gizmok112	51392258	shm	metadata_s	0.04	3342	7096	11.27
20260424_031525	gizmok112	51392258	localtmp	metadata_s	0.06	3342	7096	11.27
20260424_031525	gizmok112	51392258	fast	random_read_ops	2938.05	3342	7096	11.27
20260424_031525	gizmok112	51392258	temp	random_read_ops	2670.6	3342	7096	11.27
20260424_031525	gizmok112	51392258	working	random_read_ops	3639.53	3342	7096	11.27
20260424_031525	gizmok112	51392258	shm	random_read_ops	518974.59	3342	7096	11.27
20260424_031525	gizmok112	51392258	localtmp	random_read_ops	7825.02	3342	7096	11.27
20260424_093010	gizmoj15	51392259	fast	seq_write_MiBs	243.41	3399	7096	17.55
20260424_093010	gizmoj15	51392259	temp	seq_write_MiBs	227.77	3399	7096	17.55
20260424_093010	gizmoj15	51392259	working	seq_write_MiBs	274.73	3399	7096	17.55
20260424_093010	gizmoj15	51392259	shm	seq_write_MiBs	2495.62	3399	7096	17.55
20260424_093010	gizmoj15	51392259	localtmp	seq_write_MiBs	205.13	3399	7096	17.55
20260424_093010	gizmoj15	51392259	fast	seq_read_MiBs	350.68	3399	7096	17.55
20260424_093010	gizmoj15	51392259	temp	seq_read_MiBs	575.12	3399	7096	17.55
20260424_093010	gizmoj15	51392259	working	seq_read_MiBs	504.24	3399	7096	17.55
20260424_093010	gizmoj15	51392259	shm	seq_read_MiBs	5897.61	3399	7096	17.55
20260424_093010	gizmoj15	51392259	localtmp	seq_read_MiBs	219.33	3399	7096	17.55
20260424_093010	gizmoj15	51392259	fast	metadata_s	4.29	3399	7096	17.55
20260424_093010	gizmoj15	51392259	temp	metadata_s	5.29	3399	7096	17.55
20260424_093010	gizmoj15	51392259	working	metadata_s	4.35	3399	7096	17.55
20260424_093010	gizmoj15	51392259	shm	metadata_s	0.02	3399	7096	17.55
20260424_093010	gizmoj15	51392259	localtmp	metadata_s	0.04	3399	7096	17.55
20260424_093010	gizmoj15	51392259	fast	random_read_ops	3134.35	3399	7096	17.55
20260424_093010	gizmoj15	51392259	temp	random_read_ops	2504.32	3399	7096	17.55
20260424_093010	gizmoj15	51392259	working	random_read_ops	2905.93	3399	7096	17.55
20260424_093010	gizmoj15	51392259	shm	random_read_ops	367486.73	3399	7096	17.55
20260424_093010	gizmoj15	51392259	localtmp	random_read_ops	244.99	3399	7096	17.55
20260424_143034	gizmoj1	51392260	fast	seq_write_MiBs	235.74	3110	7096	17.06
20260424_143034	gizmoj1	51392260	temp	seq_write_MiBs	194.51	3110	7096	17.06
20260424_143034	gizmoj1	51392260	working	seq_write_MiBs	249.14	3110	7096	17.06
20260424_143034	gizmoj1	51392260	shm	seq_write_MiBs	2474.49	3110	7096	17.06
20260424_143034	gizmoj1	51392260	localtmp	seq_write_MiBs	167.41	3110	7096	17.06
20260424_143034	gizmoj1	51392260	fast	seq_read_MiBs	335.19	3110	7096	17.06
20260424_143034	gizmoj1	51392260	temp	seq_read_MiBs	512.71	3110	7096	17.06
20260424_143034	gizmoj1	51392260	working	seq_read_MiBs	349.35	3110	7096	17.06
20260424_143034	gizmoj1	51392260	shm	seq_read_MiBs	5936.41	3110	7096	17.06
20260424_143034	gizmoj1	51392260	localtmp	seq_read_MiBs	213.32	3110	7096	17.06
20260424_143034	gizmoj1	51392260	fast	metadata_s	4.86	3110	7096	17.06
20260424_143034	gizmoj1	51392260	temp	metadata_s	8.03	3110	7096	17.06
20260424_143034	gizmoj1	51392260	working	metadata_s	4.64	3110	7096	17.06
20260424_143034	gizmoj1	51392260	shm	metadata_s	0.02	3110	7096	17.06
20260424_143034	gizmoj1	51392260	localtmp	metadata_s	0.05	3110	7096	17.06
20260424_143034	gizmoj1	51392260	fast	random_read_ops	2887.0	3110	7096	17.06
20260424_143034	gizmoj1	51392260	temp	random_read_ops	1513.26	3110	7096	17.06
20260424_143034	gizmoj1	51392260	working	random_read_ops	2164.21	3110	7096	17.06
20260424_143034	gizmoj1	51392260	shm	random_read_ops	386553.57	3110	7096	17.06
20260424_143034	gizmoj1	51392260	localtmp	random_read_ops	216.31	3110	7096	17.06
20260424_210008	gizmok2	51392261	fast	seq_write_MiBs	257.95	3756	7096	8.95
20260424_210008	gizmok2	51392261	temp	seq_write_MiBs	214.88	3756	7096	8.95
20260424_210008	gizmok2	51392261	working	seq_write_MiBs	299.0	3756	7096	8.95
20260424_210008	gizmok2	51392261	shm	seq_write_MiBs	2459.57	3756	7096	8.95
20260424_210008	gizmok2	51392261	localtmp	seq_write_MiBs	2148.74	3756	7096	8.95
20260424_210008	gizmok2	51392261	fast	seq_read_MiBs	368.72	3756	7096	8.95
20260424_210008	gizmok2	51392261	temp	seq_read_MiBs	576.31	3756	7096	8.95
20260424_210008	gizmok2	51392261	working	seq_read_MiBs	410.97	3756	7096	8.95
20260424_210008	gizmok2	51392261	shm	seq_read_MiBs	5430.17	3756	7096	8.95
20260424_210008	gizmok2	51392261	localtmp	seq_read_MiBs	1840.94	3756	7096	8.95
20260424_210008	gizmok2	51392261	fast	metadata_s	3.81	3756	7096	8.95
20260424_210008	gizmok2	51392261	temp	metadata_s	8.17	3756	7096	8.95
20260424_210008	gizmok2	51392261	working	metadata_s	3.17	3756	7096	8.95
20260424_210008	gizmok2	51392261	shm	metadata_s	0.04	3756	7096	8.95
20260424_210008	gizmok2	51392261	localtmp	metadata_s	0.05	3756	7096	8.95
20260424_210008	gizmok2	51392261	fast	random_read_ops	3539.15	3756	7096	8.95
20260424_210008	gizmok2	51392261	temp	random_read_ops	2161.48	3756	7096	8.95
20260424_210008	gizmok2	51392261	working	random_read_ops	3371.83	3756	7096	8.95
20260424_210008	gizmok2	51392261	shm	random_read_ops	511399.14	3756	7096	8.95
20260424_210008	gizmok2	51392261	localtmp	random_read_ops	8097.38	3756	7096	8.95
